"Country Name",1960,1961,1962,1963,1964,1965,1966,1967,1968,1969,,1970,1971,1972,1973,1974,1975,1976,1977,1978,1979,1980,1981,1982,1983,1984,1985,1986,1987,1988,1989,1990,1991,1992,1993,1994,1995,1996,1997,1998,1999,2000,2001,2002,2003,2004,2005,2006,2007,2008,2009,2010,2011,2012,2013,2014,2015,2016,2017,2018,2019,2020,2021,2022
Afghanistan,..,..,..,..,..,..,..,..,..,..,,..,..,..,..,..,..,..,..,..,..,..,..,..,..,..,..,..,..,..,..,..,..,..,..,..,..,..,..,..,..,..,..,17.01,17.81,21.43,25.11,28.92,32.72,39.97,43.26,46.58,52.36,52.61,56.31,60.19,60.06,61.49,66.91,71.33,74.23,80.29,81.32,..
Albania,..,..,..,..,..,..,..,..,..,..,,..,..,..,..,..,..,..,..,..,..,..,..,..,..,..,..,..,..,..,..,..,..,..,..,..,..,..,..,..,..,65.15,73.79,78.99,111.46,141.91,154.88,168.42,204.80,240.44,235.40,255.41,271.96,259.53,277.58,295.45,256.13,274.44,296.00,350.83,..,..,..,..
Algeria,..,..,..,..,..,..,..,..,..,..,,..,..,..,..,..,..,..,..,..,..,..,..,..,..,..,..,..,..,..,..,..,..,..,..,..,..,..,..,..,..,62.12,67.34,66.95,76.24,93.02,101.30,117.43,151.78,207.85,208.94,230.06,288.31,336.67,333.16,361.16,292.92,262.13,259.65,257.85,250.56,214.85,..,..
American Samoa,..,..,..,..,..,..,..,..,..,..,,..,..,..,..,..,..,..,..,..,..,..,..,..,..,..,..,..,..,..,..,..,..,..,..,..,..,..,..,..,..,..,..,..,..,..,..,..,..,..,..,..,..,..,..,..,..,..,..,..,..,..,..,..
Andorra,..,..,..,..,..,..,..,..,..,..,,..,..,..,..,..,..,..,..,..,..,..,..,..,..,..,..,..,..,..,..,..,..,..,..,..,..,..,..,..,..,"1,286.86","1,336.06","1,486.01","1,772.51","1,989.83","2,214.39","2,139.00","2,489.11","3,046.02","3,024.99","3,796.65","3,956.99","3,029.51","3,056.73","3,113.92","2,729.94","2,796.62","2,910.02","3,188.00","3,061.79","3,336.92",..,..
Angola,..,..,..,..,..,..,..,..,..,..,,..,..,..,..,..,..,..,..,..,..,..,..,..,..,..,..,..,..,..,..,..,..,..,..,..,..,..,..,..,..,13.00,28.93,29.05,34.87,49.78,54.21,69.77,92.84,135.63,120.03,96.66,121.91,121.80,142.89,130.74,107.64,94.11,112.85,83.90,69.38,50.74,..,..
Antigua and Barbuda,..,..,..,..,..,..,..,..,..,..,,..,..,..,..,..,..,..,..,..,..,..,..,..,..,..,..,..,..,..,..,..,..,..,..,..,..,..,..,..,..,519.13,571.11,557.90,612.15,596.07,639.24,662.72,711.56,691.21,606.90,720.92,714.00,749.94,735.49,822.39,784.65,812.51,785.47,849.83,801.54,830.34,..,..
Argentina,..,..,..,..,..,..,..,..,..,..,,..,..,..,..,..,..,..,..,..,..,..,..,..,..,..,..,..,..,..,..,..,..,..,..,..,..,..,..,..,..,704.95,671.37,222.65,260.98,310.22,390.80,453.64,569.29,742.90,781.78,980.14,"1,202.56","1,361.99","1,415.21","1,280.61","1,525.05","1,149.31","1,525.59","1,122.47",958.52,863.71,..,..
Armenia,..,..,..,..,..,..,..,..,..,..,,..,..,..,..,..,..,..,..,..,..,..,..,..,..,..,..,..,..,..,..,..,..,..,..,..,..,..,..,..,..,25.31,31.41,58.27,65.35,70.64,94.27,123.41,168.48,259.55,246.34,290.27,324.66,332.84,395.71,408.88,370.93,366.23,418.86,439.43,549.47,551.54,..,..
Aruba,..,..,..,..,..,..,..,..,..,..,,..,..,..,..,..,..,..,..,..,..,..,..,..,..,..,..,..,..,..,..,..,..,..,..,..,..,..,..,..,..,..,..,..,..,..,..,..,..,..,..,..,..,..,..,..,..,..,..,..,..,..,..,..
Australia,..,..,..,..,..,..,..,..,..,..,,..,..,..,..,..,..,..,..,..,..,..,..,..,..,..,..,..,..,..,..,..,..,..,..,..,..,..,..,..,..,"1,636.53","1,559.82","1,763.70","2,240.75","2,760.83","3,014.10","3,194.03","3,815.34","4,107.01","4,011.93","4,975.47","5,909.15","6,071.65","5,843.17","6,139.39","5,324.34","5,454.00","5,816.26","5,864.39","5,555.37","5,901.11",..,..
Austria,..,..,..,..,..,..,..,..,..,..,,..,..,..,..,..,..,..,..,..,..,..,..,..,..,..,..,..,..,..,..,..,..,..,..,..,..,..,..,..,..,"2,269.13","2,282.52","2,497.87","3,091.24","3,594.65","3,710.40","3,882.98","4,478.77","5,057.76","4,928.99","4,800.79","5,167.82","4,966.10","5,235.34","5,393.60","4,612.82","4,709.88","4,938.92","5,337.22","5,262.05","5,585.09","6,491.12",..
Azerbaijan,..,..,..,..,..,..,..,..,..,..,,..,..,..,..,..,..,..,..,..,..,..,..,..,..,..,..,..,..,..,..,..,..,..,..,..,..,..,..,..,..,18.98,18.99,20.36,23.52,27.04,34.60,49.48,74.09,105.24,126.95,142.61,172.40,217.79,234.24,260.83,220.98,153.22,151.61,165.02,191.76,191.23,..,..
"Bahamas, The",..,..,..,..,..,..,..,..,..,..,,..,..,..,..,..,..,..,..,..,..,..,..,..,..,..,..,..,..,..,..,..,..,..,..,..,..,..,..,..,..,945.44,990.31,"1,013.74","1,053.42","1,067.92","1,140.25","1,242.35","1,334.88","1,410.94","1,396.89","1,421.71","1,418.67","1,491.60","1,531.37","1,589.97","1,557.94","1,692.26","2,067.89","1,920.34","1,921.13","1,851.00",..,..
Bahrain,..,..,..,..,..,..,..,..,..,..,,..,..,..,..,..,..,..,..,..,..,..,..,..,..,..,..,..,..,..,..,..,..,..,..,..,..,..,..,..,..,424.94,438.61,471.58,553.05,551.89,576.94,592.38,688.14,741.86,841.48,866.39,917.65,"1,030.85","1,111.22","1,123.63","1,134.46","1,111.43","1,098.74","1,049.06","1,024.39","1,110.00",..,..
Bangladesh,..,..,..,..,..,..,..,..,..,..,,..,..,..,..,..,..,..,..,..,..,..,..,..,..,..,..,..,..,..,..,..,..,..,..,..,..,..,..,..,..,8.62,8.42,9.38,10.31,11.11,11.62,12.38,14.41,16.00,18.21,21.15,23.29,23.90,27.41,30.30,33.54,39.56,42.28,44.74,47.67,50.66,..,..
Barbados,..,..,..,..,..,..,..,..,..,..,,..,..,..,..,..,..,..,..,..,..,..,..,..,..,..,..,..,..,..,..,..,..,..,..,..,..,..,..,..,..,616.38,635.96,683.34,801.93,938.41,959.41,"1,026.71","1,042.76","1,136.73","1,165.94","1,117.03","1,166.43","1,298.26","1,266.21","1,184.38","1,148.70","1,158.16","1,180.76","1,193.49","1,171.26","1,199.71",..,..
Belarus,..,..,..,..,..,..,..,..,..,..,,..,..,..,..,..,..,..,..,..,..,..,..,..,..,..,..,..,..,..,..,..,..,..,..,..,..,..,..,..,..,55.50,71.50,83.74,105.66,137.28,190.86,215.72,271.20,339.69,281.03,332.70,310.15,355.43,443.89,438.05,352.99,290.55,324.69,342.21,390.25,408.09,..,..
Belgium,..,..,..,..,..,..,..,..,..,..,,..,..,..,..,..,..,..,..,..,..,..,..,..,..,..,..,..,..,..,..,..,..,..,..,..,..,..,..,..,..,"1,849.92","1,879.93","2,084.72","2,814.88","3,312.74","3,405.89","3,545.93","4,064.88","4,653.51","4,638.44","4,531.03","4,930.14","4,694.46","4,941.97","5,063.93","4,432.70","4,529.79","4,761.87","5,142.37","4,983.66","5,009.46",..,..
Belize,..,..,..,..,..,..,..,..,..,..,,..,..,..,..,..,..,..,..,..,..,..,..,..,..,..,..,..,..,..,..,..,..,..,..,..,..,..,..,..,..,136.52,162.07,170.58,171.86,172.95,176.54,191.04,227.64,250.87,242.10,242.62,253.36,246.75,258.76,293.15,283.95,296.56,282.96,286.60,303.53,277.99,..,..
Benin,..,..,..,..,..,..,..,..,..,..,,..,..,..,..,..,..,..,..,..,..,..,..,..,..,..,..,..,..,..,..,..,..,..,..,..,..,..,..,..,..,15.61,16.52,17.18,21.22,24.12,23.65,24.89,27.34,29.64,30.00,30.26,34.04,37.99,34.71,33.38,27.91,25.93,28.52,29.66,27.17,32.13,..,..
Bermuda,..,..,..,..,..,..,..,..,..,..,,..,..,..,..,..,..,..,..,..,..,..,..,..,..,..,..,..,..,..,..,..,..,..,..,..,..,..,..,..,..,..,..,..,..,..,..,..,..,..,..,..,..,..,..,..,..,..,..,..,..,..,..,..
Bhutan,..,..,..,..,..,..,..,..,..,..,,..,..,..,..,..,..,..,..,..,..,..,..,..,..,..,..,..,..,..,..,..,..,..,..,..,..,..,..,..,..,31.09,35.97,35.96,37.33,46.10,46.69,54.01,64.44,57.31,59.43,71.99,77.32,83.64,85.99,86.81,96.52,97.18,103.39,101.70,115.32,133.70,..,..
Bolivia,..,..,..,..,..,..,..,..,..,..,,..,..,..,..,..,..,..,..,..,..,..,..,..,..,..,..,..,..,..,..,..,..,..,..,..,..,..,..,..,..,42.96,44.92,43.49,46.38,46.29,51.67,55.93,63.46,77.74,89.27,99.99,119.24,134.63,159.09,178.21,194.92,205.92,212.88,229.23,239.18,241.12,..,..
Bosnia and Herzegovina,..,..,..,..,..,..,..,..,..,..,,..,..,..,..,..,..,..,..,..,..,..,..,..,..,..,..,..,..,..,..,..,..,..,..,..,..,..,..,..,..,106.29,104.88,118.69,168.28,222.18,241.77,281.62,364.37,459.78,409.51,406.17,456.80,444.42,474.19,492.21,430.13,449.41,469.77,527.81,543.98,591.41,..,..
Botswana,..,..,..,..,..,..,..,..,..,..,,..,..,..,..,..,..,..,..,..,..,..,..,..,..,..,..,..,..,..,..,..,..,..,..,..,..,..,..,..,..,195.30,191.82,194.56,253.96,279.18,263.34,250.92,296.57,315.27,326.95,378.65,415.58,405.96,418.32,402.46,358.22,369.84,444.56,419.65,408.90,362.73,..,..
Brazil,..,..,..,..,..,..,..,..,..,..,,..,..,..,..,..,..,..,..,..,..,..,..,..,..,..,..,..,..,..,..,..,..,..,..,..,..,..,..,..,..,310.61,268.65,245.66,250.31,294.38,383.55,483.92,600.64,705.13,719.43,893.78,"1,028.08",953.70,977.82,"1,013.57",782.52,795.94,937.34,863.28,850.43,700.71,..,..
British Virgin Islands,..,..,..,..,..,..,..,..,..,..,,..,..,..,..,..,..,..,..,..,..,..,..,..,..,..,..,..,..,..,..,..,..,..,..,..,..,..,..,..,..,..,..,..,..,..,..,..,..,..,..,..,..,..,..,..,..,..,..,..,..,..,..,..
Brunei Darussalam,..,..,..,..,..,..,..,..,..,..,,..,..,..,..,..,..,..,..,..,..,..,..,..,..,..,..,..,..,..,..,..,..,..,..,..,..,..,..,..,..,507.39,463.82,472.30,534.14,617.52,643.33,650.22,695.65,778.06,729.13,788.50,860.08,867.06,834.31,785.59,732.39,681.97,639.92,753.81,674.65,650.48,..,..
Bulgaria,..,..,..,..,..,..,..,..,..,..,,..,..,..,..,..,..,..,..,..,..,..,..,..,..,..,..,..,..,..,..,..,..,..,..,..,..,..,..,..,..,94.52,119.83,148.15,195.74,233.11,267.74,294.11,361.23,455.54,459.30,484.75,555.86,558.65,547.45,605.26,521.42,562.34,624.53,689.91,697.90,856.70,..,..
Burkina Faso,..,..,..,..,..,..,..,..,..,..,,..,..,..,..,..,..,..,..,..,..,..,..,..,..,..,..,..,..,..,..,..,..,..,..,..,..,..,..,..,..,7.37,7.52,8.52,11.44,17.10,17.50,20.65,27.05,28.90,30.69,32.87,33.82,33.78,42.41,38.37,32.44,39.65,43.07,39.00,41.07,54.18,..,..
Burundi,..,..,..,..,..,..,..,..,..,..,,..,..,..,..,..,..,..,..,..,..,..,..,..,..,..,..,..,..,..,..,..,..,..,..,..,..,..,..,..,..,8.52,8.68,8.03,7.22,9.90,12.74,16.53,18.06,17.98,21.10,25.11,23.81,20.31,20.62,18.59,18.20,19.47,20.70,19.55,16.59,16.42,..,..
Cabo Verde,..,..,..,..,..,..,..,..,..,..,,..,..,..,..,..,..,..,..,..,..,..,..,..,..,..,..,..,..,..,..,..,..,..,..,..,..,..,..,..,..,58.90,62.79,68.22,83.48,92.05,94.59,111.28,125.57,125.54,127.80,142.88,152.28,167.49,181.30,181.44,139.49,144.33,165.04,178.55,173.98,176.02,..,..
Cambodia,..,..,..,..,..,..,..,..,..,..,,..,..,..,..,..,..,..,..,..,..,..,..,..,..,..,..,..,..,..,..,..,..,..,..,..,..,..,..,..,..,19.78,22.66,24.67,25.31,29.03,32.52,33.03,30.92,49.01,55.72,54.10,66.05,69.02,72.12,73.59,72.52,78.36,80.17,94.21,115.26,115.76,..,..
Cameroon,..,..,..,..,..,..,..,..,..,..,,..,..,..,..,..,..,..,..,..,..,..,..,..,..,..,..,..,..,..,..,..,..,..,..,..,..,..,..,..,..,28.79,27.47,31.42,38.11,41.75,42.61,44.02,48.62,54.00,50.60,49.50,57.71,56.36,56.61,61.80,50.32,51.25,50.28,57.70,56.19,58.01,..,..
Canada,..,..,..,..,..,..,..,..,..,..,,..,..,..,..,..,..,..,..,..,..,..,..,..,..,..,..,..,..,..,..,..,..,..,..,..,..,..,..,..,..,"2,001.67","2,055.76","2,149.38","2,552.26","2,916.25","3,291.22","3,788.69","4,221.93","4,491.23","4,392.14","5,096.12","5,437.85","5,541.58","5,484.81","5,231.95","4,679.98","4,668.24","4,900.67","5,052.68","5,083.73","5,619.42","6,086.08",..
Cayman Islands,..,..,..,..,..,..,..,..,..,..,,..,..,..,..,..,..,..,..,..,..,..,..,..,..,..,..,..,..,..,..,..,..,..,..,..,..,..,..,..,..,..,..,..,..,..,..,..,..,..,..,..,..,..,..,..,..,..,..,..,..,..,..,..
Central African Republic,..,..,..,..,..,..,..,..,..,..,,..,..,..,..,..,..,..,..,..,..,..,..,..,..,..,..,..,..,..,..,..,..,..,..,..,..,..,..,..,..,9.86,9.26,10.62,13.01,13.73,14.67,15.91,18.95,18.68,21.83,16.40,18.94,20.60,16.79,18.03,17.71,20.26,27.64,49.18,34.23,41.96,..,..
Chad,..,..,..,..,..,..,..,..,..,..,,..,..,..,..,..,..,..,..,..,..,..,..,..,..,..,..,..,..,..,..,..,..,..,..,..,..,..,..,..,..,10.38,12.00,18.58,18.59,28.63,32.29,34.98,35.18,38.15,36.03,36.50,38.68,37.50,39.98,43.68,35.03,35.32,30.46,32.31,30.53,34.80,..,..
Channel Islands,..,..,..,..,..,..,..,..,..,..,,..,..,..,..,..,..,..,..,..,..,..,..,..,..,..,..,..,..,..,..,..,..,..,..,..,..,..,..,..,..,..,..,..,..,..,..,..,..,..,..,..,..,..,..,..,..,..,..,..,..,..,..,..
Chile,..,..,..,..,..,..,..,..,..,..,,..,..,..,..,..,..,..,..,..,..,..,..,..,..,..,..,..,..,..,..,..,..,..,..,..,..,..,..,..,..,356.74,326.97,322.87,349.78,427.44,500.87,571.90,649.92,726.74,738.28,870.71,994.67,"1,081.46","1,183.62","1,150.06","1,133.28","1,179.73","1,367.72","1,457.27","1,369.48","1,278.18","1,478.83",..
China,..,..,..,..,..,..,..,..,..,..,,..,..,..,..,..,..,..,..,..,..,..,..,..,..,..,..,..,..,..,..,..,..,..,..,..,..,..,..,..,..,42.99,44.57,50.16,56.79,64.54,73.29,82.79,98.88,134.21,165.29,189.34,239.75,285.31,329.78,363.01,393.78,398.79,440.59,504.80,539.62,583.43,..,..
Colombia,..,..,..,..,..,..,..,..,..,..,,..,..,..,..,..,..,..,..,..,..,..,..,..,..,..,..,..,..,..,..,..,..,..,..,..,..,..,..,..,..,134.29,138.04,131.78,129.33,159.19,209.25,239.39,309.04,378.18,383.43,452.15,501.27,546.55,579.91,586.68,468.59,447.24,495.30,517.16,522.55,477.27,..,..
Comoros,..,..,..,..,..,..,..,..,..,..,,..,..,..,..,..,..,..,..,..,..,..,..,..,..,..,..,..,..,..,..,..,..,..,..,..,..,..,..,..,..,47.50,45.25,51.06,63.82,70.50,67.78,65.71,69.88,73.74,69.43,69.09,80.95,76.77,81.44,84.27,60.87,63.15,74.52,74.44,77.80,80.82,..,..
"Congo, Dem. Rep.",..,..,..,..,..,..,..,..,..,..,,..,..,..,..,..,..,..,..,..,..,..,..,..,..,..,..,..,..,..,..,..,..,..,..,..,..,..,..,..,..,19.25,5.84,4.49,6.42,8.30,9.00,10.88,12.04,15.86,13.19,12.54,12.28,13.63,15.87,18.79,19.13,19.91,18.75,17.88,19.86,21.25,..,..
"Congo, Rep.",..,..,..,..,..,..,..,..,..,..,,..,..,..,..,..,..,..,..,..,..,..,..,..,..,..,..,..,..,..,..,..,..,..,..,..,..,..,..,..,..,17.45,20.42,17.09,21.65,27.68,31.10,36.17,42.22,63.79,48.93,54.86,59.84,71.69,72.29,71.48,57.68,54.67,52.68,47.68,58.90,80.81,..,..
Costa Rica,..,..,..,..,..,..,..,..,..,..,,..,..,..,..,..,..,..,..,..,..,..,..,..,..,..,..,..,..,..,..,..,..,..,..,..,..,..,..,..,..,247.70,255.18,276.24,287.37,290.13,309.51,359.79,423.64,510.99,529.61,654.17,742.14,776.43,816.88,822.91,875.35,870.74,853.75,902.22,914.88,953.08,..,..
Cote d'Ivoire,..,..,..,..,..,..,..,..,..,..,,..,..,..,..,..,..,..,..,..,..,..,..,..,..,..,..,..,..,..,..,..,..,..,..,..,..,..,..,..,..,54.16,54.03,57.25,64.14,67.68,62.35,60.49,64.68,75.88,72.83,71.99,72.45,74.48,71.52,79.31,62.52,66.39,68.62,70.97,73.65,85.17,..,..
Croatia,..,..,..,..,..,..,..,..,..,..,,..,..,..,..,..,..,..,..,..,..,..,..,..,..,..,..,..,..,..,..,..,..,..,..,..,..,..,..,..,..,371.06,388.32,386.44,512.15,634.62,727.13,816.02,"1,041.03","1,258.87","1,187.55","1,126.37","1,132.50","1,029.97",889.94,909.37,795.51,840.90,902.63,"1,024.62","1,040.09","1,094.53",..,..
Cuba,..,..,..,..,..,..,..,..,..,..,,..,..,..,..,..,..,..,..,..,..,..,..,..,..,..,..,..,..,..,..,..,..,..,..,..,..,..,..,..,..,181.15,198.59,213.96,227.70,232.51,331.99,387.44,570.31,610.09,676.22,608.96,695.99,601.42,710.79,864.16,985.42,984.25,980.09,973.14,"1,013.10","1,186.16",..,..
Curacao,..,..,..,..,..,..,..,..,..,..,,..,..,..,..,..,..,..,..,..,..,..,..,..,..,..,..,..,..,..,..,..,..,..,..,..,..,..,..,..,..,..,..,..,..,..,..,..,..,..,..,..,..,..,..,..,..,..,..,..,..,..,..,..
Cyprus,..,..,..,..,..,..,..,..,..,..,,..,..,..,..,..,..,..,..,..,..,..,..,..,..,..,..,..,..,..,..,..,..,..,..,..,..,..,..,..,..,750.52,782.16,890.48,"1,145.06","1,286.97","1,366.02","1,474.02","1,694.27","2,155.25","2,105.48","2,045.29","2,114.67","1,899.37","1,916.32","1,873.89","1,596.21","1,649.41","1,773.41","2,020.73","2,043.68","2,245.36",..,..
Czechia,..,..,..,..,..,..,..,..,..,..,,..,..,..,..,..,..,..,..,..,..,..,..,..,..,..,..,..,..,..,..,..,..,..,..,..,..,..,..,..,..,342.92,388.54,497.74,640.66,746.33,852.65,942.12,"1,110.18","1,449.34","1,442.24","1,373.93","1,516.56","1,387.41","1,554.51","1,512.93","1,284.05","1,321.62","1,525.35","1,753.20","1,803.05","2,119.85",..,..
Denmark,..,..,..,..,..,..,..,..,..,..,,..,..,..,..,..,..,..,..,..,..,..,..,..,..,..,..,..,..,..,..,..,..,..,..,..,..,..,..,..,..,"2,496.05","2,602.64","2,895.81","3,607.04","4,194.87","4,442.76","4,778.89","5,468.38","6,137.78","6,221.69","6,171.29","6,438.21","6,168.34","6,334.42","6,466.90","5,531.88","5,624.33","5,834.02","6,232.72","6,058.83","6,438.39","7,375.15",..
Djibouti,..,..,..,..,..,..,..,..,..,..,,..,..,..,..,..,..,..,..,..,..,..,..,..,..,..,..,..,..,..,..,..,..,..,..,..,..,..,..,..,..,30.91,29.73,38.05,43.44,37.99,38.61,44.40,46.96,49.90,50.82,51.37,62.67,65.70,61.39,66.44,74.74,69.80,65.56,64.48,62.31,62.81,..,..
Dominica,..,..,..,..,..,..,..,..,..,..,,..,..,..,..,..,..,..,..,..,..,..,..,..,..,..,..,..,..,..,..,..,..,..,..,..,..,..,..,..,..,259.65,231.98,227.22,243.10,253.98,263.90,271.50,293.62,336.35,354.45,370.31,388.87,408.77,387.08,394.67,398.52,421.32,404.61,484.52,442.51,426.66,..,..
Dominican Republic,..,..,..,..,..,..,..,..,..,..,,..,..,..,..,..,..,..,..,..,..,..,..,..,..,..,..,..,..,..,..,..,..,..,..,..,..,..,..,..,..,139.00,144.17,153.86,105.31,105.84,169.97,162.94,191.22,230.51,238.27,271.27,295.19,305.44,303.38,313.46,322.95,329.11,337.61,327.90,346.51,354.10,..,..
Ecuador,..,..,..,..,..,..,..,..,..,..,,..,..,..,..,..,..,..,..,..,..,..,..,..,..,..,..,..,..,..,..,..,..,..,..,..,..,..,..,..,..,48.33,71.49,97.71,132.66,150.50,168.63,190.53,191.11,229.10,241.68,283.82,337.00,383.99,411.50,428.63,459.27,442.55,464.02,497.17,487.33,478.53,..,..
"Egypt, Arab Rep.",..,..,..,..,..,..,..,..,..,..,,..,..,..,..,..,..,..,..,..,..,..,..,..,..,..,..,..,..,..,..,..,..,..,..,..,..,..,..,..,..,71.04,70.37,65.59,51.60,51.60,60.99,68.03,75.13,92.33,101.22,107.42,118.70,142.76,142.60,158.21,173.52,145.28,107.99,120.22,145.31,150.91,..,..
El Salvador,..,..,..,..,..,..,..,..,..,..,,..,..,..,..,..,..,..,..,..,..,..,..,..,..,..,..,..,..,..,..,..,..,..,..,..,..,..,..,..,..,155.13,161.76,166.13,170.79,184.88,223.97,230.50,238.63,251.83,255.38,268.67,293.37,298.73,321.83,312.87,329.44,337.27,335.74,345.15,364.13,385.74,..,..
Equatorial Guinea,..,..,..,..,..,..,..,..,..,..,,..,..,..,..,..,..,..,..,..,..,..,..,..,..,..,..,..,..,..,..,..,..,..,..,..,..,..,..,..,..,36.31,51.28,64.46,94.39,119.85,142.01,169.32,216.74,364.52,266.58,271.07,289.87,237.00,330.95,368.52,285.38,252.67,248.93,270.56,222.74,236.62,..,..
Eritrea,..,..,..,..,..,..,..,..,..,..,,..,..,..,..,..,..,..,..,..,..,..,..,..,..,..,..,..,..,..,..,..,..,..,..,..,..,..,..,..,..,13.18,14.00,14.82,18.62,21.77,20.61,22.32,18.40,19.69,22.66,24.89,33.60,26.21,29.74,31.79,26.84,22.73,20.89,24.03,25.26,23.98,..,..
Estonia,..,..,..,..,..,..,..,..,..,..,,..,..,..,..,..,..,..,..,..,..,..,..,..,..,..,..,..,..,..,..,..,..,..,..,..,..,..,..,..,..,209.71,214.70,250.48,349.06,455.07,524.68,600.51,832.73,"1,038.56",963.02,926.45,"1,015.97","1,013.31","1,144.65","1,287.76","1,156.20","1,226.09","1,350.13","1,553.43","1,598.84","1,787.87","2,035.62",..
Eswatini,..,..,..,..,..,..,..,..,..,..,,..,..,..,..,..,..,..,..,..,..,..,..,..,..,..,..,..,..,..,..,..,..,..,..,..,..,..,..,..,..,77.75,76.11,75.28,132.39,177.12,218.71,238.98,253.80,267.73,282.30,346.70,369.37,343.83,306.57,285.05,252.68,227.80,267.07,291.17,259.24,219.10,..,..
Ethiopia,..,..,..,..,..,..,..,..,..,..,,..,..,..,..,..,..,..,..,..,..,..,..,..,..,..,..,..,..,..,..,..,..,..,..,..,..,..,..,..,..,5.32,5.55,5.19,5.76,5.80,6.56,8.53,11.79,13.22,15.36,16.41,14.84,20.29,19.54,21.90,23.53,24.67,24.51,23.85,26.23,28.70,..,..
Faroe Islands,..,..,..,..,..,..,..,..,..,..,,..,..,..,..,..,..,..,..,..,..,..,..,..,..,..,..,..,..,..,..,..,..,..,..,..,..,..,..,..,..,..,..,..,..,..,..,..,..,..,..,..,..,..,..,..,..,..,..,..,..,..,..,..
Fiji,..,..,..,..,..,..,..,..,..,..,,..,..,..,..,..,..,..,..,..,..,..,..,..,..,..,..,..,..,..,..,..,..,..,..,..,..,..,..,..,..,75.04,62.10,70.07,86.90,111.04,121.24,127.43,141.43,135.50,121.84,128.40,141.66,154.22,159.02,178.71,169.73,176.07,185.64,215.84,228.36,186.36,..,..
Finland,..,..,..,..,..,..,..,..,..,..,,..,..,..,..,..,..,..,..,..,..,..,..,..,..,..,..,..,..,..,..,..,..,..,..,..,..,..,..,..,..,"1,726.74","1,810.39","2,059.31","2,613.83","3,044.13","3,236.87","3,414.94","3,918.66","4,486.36","4,349.93","4,251.59","4,717.57","4,573.29","4,892.20","4,922.65","4,128.40","4,108.93","4,235.95","4,521.50","4,460.11","4,726.14",..,..
France,..,..,..,..,..,..,..,..,..,..,,..,..,..,..,..,..,..,..,..,..,..,..,..,..,..,..,..,..,..,..,..,..,..,..,..,..,..,..,..,..,"2,161.85","2,192.72","2,449.76","3,006.31","3,458.63","3,575.03","3,811.55","4,312.31","4,807.37","4,737.58","4,592.38","4,931.88","4,644.60","4,888.47","4,978.56","4,199.07","4,262.22","4,411.71","4,668.88","4,508.34","4,768.73",..,..
French Polynesia,..,..,..,..,..,..,..,..,..,..,,..,..,..,..,..,..,..,..,..,..,..,..,..,..,..,..,..,..,..,..,..,..,..,..,..,..,..,..,..,..,..,..,..,..,..,..,..,..,..,..,..,..,..,..,..,..,..,..,..,..,..,..,..
Gabon,..,..,..,..,..,..,..,..,..,..,,..,..,..,..,..,..,..,..,..,..,..,..,..,..,..,..,..,..,..,..,..,..,..,..,..,..,..,..,..,..,123.33,121.07,132.22,166.89,182.62,190.27,212.62,254.20,271.51,283.03,207.94,262.77,226.33,262.78,234.42,188.42,208.91,193.98,211.23,208.29,228.98,..,..
"Gambia, The",..,..,..,..,..,..,..,..,..,..,,..,..,..,..,..,..,..,..,..,..,..,..,..,..,..,..,..,..,..,..,..,..,..,..,..,..,..,..,..,..,46.74,38.21,36.57,28.66,32.34,33.34,33.49,35.93,39.97,34.47,32.82,30.83,29.31,25.34,17.14,19.43,20.47,21.20,22.85,22.83,18.58,..,..
Georgia,..,..,..,..,..,..,..,..,..,..,,..,..,..,..,..,..,..,..,..,..,..,..,..,..,..,..,..,..,..,..,..,..,..,..,..,..,..,..,..,..,53.03,57.25,67.17,82.01,106.87,134.39,154.49,199.06,286.31,274.68,289.54,316.82,348.77,357.91,369.14,294.35,321.08,303.94,331.87,308.57,320.01,..,..
Germany,..,..,..,..,..,..,..,..,..,..,,..,..,..,..,..,..,..,..,..,..,..,..,..,..,..,..,..,..,..,..,..,..,..,..,..,..,..,..,..,..,"2,344.35","2,346.67","2,567.50","3,152.79","3,459.82","3,558.21","3,698.04","4,182.92","4,669.76","4,674.92","4,611.42","5,037.51","4,765.69","5,099.89","5,307.38","4,624.63","4,742.96","5,064.84","5,504.00","5,478.10","5,930.33","6,503.36",..
Ghana,..,..,..,..,..,..,..,..,..,..,,..,..,..,..,..,..,..,..,..,..,..,..,..,..,..,..,..,..,..,..,..,..,..,..,..,..,..,..,..,..,16.27,19.21,19.76,23.23,25.61,39.75,45.97,54.76,61.91,61.81,71.61,95.87,83.49,104.81,78.04,77.74,64.43,65.57,74.13,73.52,84.98,..,..
Gibraltar,..,..,..,..,..,..,..,..,..,..,,..,..,..,..,..,..,..,..,..,..,..,..,..,..,..,..,..,..,..,..,..,..,..,..,..,..,..,..,..,..,..,..,..,..,..,..,..,..,..,..,..,..,..,..,..,..,..,..,..,..,..,..,..
Greece,..,..,..,..,..,..,..,..,..,..,,..,..,..,..,..,..,..,..,..,..,..,..,..,..,..,..,..,..,..,..,..,..,..,..,..,..,..,..,..,..,885.41,"1,004.82","1,168.82","1,566.41","1,782.70","1,935.27","2,052.88","2,426.76","2,840.51","2,809.06","2,564.37","2,338.92","1,948.25","1,832.03","1,700.49","1,481.42","1,513.26","1,509.78","1,603.08","1,569.03","1,675.12",..,..
Greenland,..,..,..,..,..,..,..,..,..,..,,..,..,..,..,..,..,..,..,..,..,..,..,..,..,..,..,..,..,..,..,..,..,..,..,..,..,..,..,..,..,..,..,..,..,..,..,..,..,..,..,..,..,..,..,..,..,..,..,..,..,..,..,..
Grenada,..,..,..,..,..,..,..,..,..,..,,..,..,..,..,..,..,..,..,..,..,..,..,..,..,..,..,..,..,..,..,..,..,..,..,..,..,..,..,..,..,259.38,271.17,308.34,287.29,293.60,324.56,321.83,355.66,395.51,370.05,366.41,393.21,401.85,405.40,368.81,389.39,392.78,433.49,438.92,487.60,491.08,..,..
Guam,..,..,..,..,..,..,..,..,..,..,,..,..,..,..,..,..,..,..,..,..,..,..,..,..,..,..,..,..,..,..,..,..,..,..,..,..,..,..,..,..,..,..,..,..,..,..,..,..,..,..,..,..,..,..,..,..,..,..,..,..,..,..,..
Guatemala,..,..,..,..,..,..,..,..,..,..,,..,..,..,..,..,..,..,..,..,..,..,..,..,..,..,..,..,..,..,..,..,..,..,..,..,..,..,..,..,..,83.35,99.69,107.24,112.98,121.73,131.96,148.54,158.38,175.12,168.86,174.79,190.71,200.34,198.34,216.80,233.42,246.12,265.18,265.75,278.55,289.13,..,..
Guinea,..,..,..,..,..,..,..,..,..,..,,..,..,..,..,..,..,..,..,..,..,..,..,..,..,..,..,..,..,..,..,..,..,..,..,..,..,..,..,..,..,23.00,22.04,25.15,25.94,26.76,19.94,16.35,22.81,23.25,24.00,22.87,24.42,23.99,26.22,37.09,43.94,38.88,33.02,35.31,42.68,46.84,..,..
Guinea-Bissau,..,..,..,..,..,..,..,..,..,..,,..,..,..,..,..,..,..,..,..,..,..,..,..,..,..,..,..,..,..,..,..,..,..,..,..,..,..,..,..,..,21.45,22.01,21.14,24.75,32.32,33.62,32.72,37.88,45.08,40.50,37.56,44.70,37.73,46.01,64.92,52.39,56.53,54.74,59.61,61.01,61.43,..,..
Guyana,..,..,..,..,..,..,..,..,..,..,,..,..,..,..,..,..,..,..,..,..,..,..,..,..,..,..,..,..,..,..,..,..,..,..,..,..,..,..,..,..,62.85,60.47,65.33,68.43,74.89,85.49,98.42,125.85,138.78,150.38,162.99,186.59,202.52,212.03,216.93,228.02,237.30,268.69,298.95,319.36,378.06,..,..
Haiti,..,..,..,..,..,..,..,..,..,..,,..,..,..,..,..,..,..,..,..,..,..,..,..,..,..,..,..,..,..,..,..,..,..,..,..,..,..,..,..,..,30.15,27.21,22.23,18.50,23.90,25.12,28.96,37.41,40.26,41.22,55.51,76.82,74.80,59.16,64.86,68.24,59.83,53.58,62.02,49.09,44.18,..,..
Honduras,..,..,..,..,..,..,..,..,..,..,,..,..,..,..,..,..,..,..,..,..,..,..,..,..,..,..,..,..,..,..,..,..,..,..,..,..,..,..,..,..,67.67,66.35,69.90,78.74,82.34,96.75,110.84,126.12,147.42,158.54,163.54,180.58,182.42,175.02,171.30,168.93,176.97,168.39,177.65,184.04,212.70,253.92,..
"Hong Kong SAR, China",..,..,..,..,..,..,..,..,..,..,,..,..,..,..,..,..,..,..,..,..,..,..,..,..,..,..,..,..,..,..,..,..,..,..,..,..,..,..,..,..,..,..,..,..,..,..,..,..,..,..,..,..,..,..,..,..,..,..,..,..,..,..,..
Hungary,..,..,..,..,..,..,..,..,..,..,,..,..,..,..,..,..,..,..,..,..,..,..,..,..,..,..,..,..,..,..,..,..,..,..,..,..,..,..,..,..,313.11,359.70,473.13,682.87,798.45,895.20,893.20,"1,003.26","1,117.20",943.69,983.11,"1,063.43",961.14,990.63,"1,006.16",870.52,914.19,984.41,"1,079.84","1,053.72","1,163.25",..,..
Iceland,..,..,..,..,..,..,..,..,..,..,,..,..,..,..,..,..,..,..,..,..,..,..,..,..,..,..,..,..,..,..,..,..,..,..,..,..,..,..,..,..,"2,853.73","2,526.90","3,044.79","3,837.10","4,411.33","5,076.37","4,915.05","5,800.04","4,746.69","3,620.84","3,612.05","3,910.58","3,759.89","4,068.56","4,487.53","4,269.93","5,015.73","5,944.97","6,233.92","5,865.23","5,636.94","6,636.00",..
India,..,..,..,..,..,..,..,..,..,..,,..,..,..,..,..,..,..,..,..,..,..,..,..,..,..,..,..,..,..,..,..,..,..,..,..,..,..,..,..,..,18.45,19.72,20.14,21.88,24.92,27.50,29.39,35.66,37.69,38.12,44.90,48.32,48.61,55.67,56.57,58.35,59.96,56.90,57.70,60.67,56.63,..,..
Indonesia,..,..,..,..,..,..,..,..,..,..,,..,..,..,..,..,..,..,..,..,..,..,..,..,..,..,..,..,..,..,..,..,..,..,..,..,..,..,..,..,..,15.54,17.03,19.15,25.74,26.21,34.41,44.81,56.52,59.80,62.98,86.36,108.03,106.90,103.38,103.06,97.16,107.53,111.51,111.91,120.59,132.96,..,..
"Iran, Islamic Rep.",..,..,..,..,..,..,..,..,..,..,,..,..,..,..,..,..,..,..,..,..,..,..,..,..,..,..,..,..,..,..,..,..,..,..,..,..,..,..,..,..,80.96,94.30,105.70,116.90,142.18,173.80,197.78,245.01,297.51,364.43,436.14,518.84,513.45,408.33,375.28,369.99,437.67,462.21,462.69,450.60,573.40,..,..
Iraq,..,..,..,..,..,..,..,..,..,..,,..,..,..,..,..,..,..,..,..,..,..,..,..,..,..,..,..,..,..,..,..,..,..,..,..,..,..,..,..,..,..,..,..,26.67,50.53,50.43,54.59,96.29,136.74,138.92,143.13,160.14,173.19,186.44,178.58,147.76,142.00,203.17,226.69,239.58,202.31,..,..
Ireland,..,..,..,..,..,..,..,..,..,..,,..,..,..,..,..,..,..,..,..,..,..,..,..,..,..,..,..,..,..,..,..,..,..,..,..,..,..,..,..,..,"1,564.84","1,823.73","2,200.36","2,910.93","3,483.16","3,938.19","4,147.13","4,858.65","5,638.78","5,502.89","5,133.46","5,558.30","5,222.04","5,328.58","5,329.98","4,561.39","4,709.17","5,010.26","5,484.22","5,431.00","6,092.18","6,700.18",..
Isle of Man,..,..,..,..,..,..,..,..,..,..,,..,..,..,..,..,..,..,..,..,..,..,..,..,..,..,..,..,..,..,..,..,..,..,..,..,..,..,..,..,..,..,..,..,..,..,..,..,..,..,..,..,..,..,..,..,..,..,..,..,..,..,..,..
Israel,..,..,..,..,..,..,..,..,..,..,,..,..,..,..,..,..,..,..,..,..,..,..,..,..,..,..,..,..,..,..,..,..,..,..,..,..,..,..,..,..,"1,471.62","1,514.77","1,361.95","1,389.94","1,443.16","1,512.27","1,558.29","1,772.59","2,128.55","2,036.26","2,240.44","2,445.98","2,410.15","2,681.19","2,816.12","2,660.70","2,801.22","3,093.89","3,219.69","3,454.47","3,867.40",..,..
Italy,..,..,..,..,..,..,..,..,..,..,,..,..,..,..,..,..,..,..,..,..,..,..,..,..,..,..,..,..,..,..,..,..,..,..,..,..,..,..,..,..,"1,524.24","1,586.66","1,762.54","2,163.03","2,565.63","2,677.55","2,832.70","3,092.56","3,504.11","3,337.75","3,217.68","3,392.01","3,086.30","3,149.24","3,154.28","2,675.67","2,699.73","2,809.72","3,002.76","2,910.63","3,057.04","3,351.48",..
Jamaica,..,..,..,..,..,..,..,..,..,..,,..,..,..,..,..,..,..,..,..,..,..,..,..,..,..,..,..,..,..,..,..,..,..,..,..,..,..,..,..,..,194.59,180.59,174.82,150.12,183.49,190.94,186.64,252.11,283.73,229.13,256.06,275.54,262.10,254.84,257.85,285.60,286.35,324.22,333.88,343.06,325.72,..,..
Japan,..,..,..,..,..,..,..,..,..,..,,..,..,..,..,..,..,..,..,..,..,..,..,..,..,..,..,..,..,..,..,..,..,..,..,..,..,..,..,..,..,"2,756.24","2,492.46","2,415.82","2,653.75","2,887.94","2,895.21","2,765.59","2,783.26","3,225.26","3,698.76","4,074.34","5,106.90","5,235.42","4,357.68","4,121.53","3,754.92","4,199.71","4,148.37","4,288.00","4,378.77","4,388.10",..,..
Jordan,..,..,..,..,..,..,..,..,..,..,,..,..,..,..,..,..,..,..,..,..,..,..,..,..,..,..,..,..,..,..,..,..,..,..,..,..,..,..,..,..,161.24,171.83,175.38,172.25,186.11,196.47,199.65,219.41,289.99,333.81,319.84,338.35,342.94,320.87,306.81,303.23,286.50,323.55,322.12,314.88,298.64,..,..
Kazakhstan,..,..,..,..,..,..,..,..,..,..,,..,..,..,..,..,..,..,..,..,..,..,..,..,..,..,..,..,..,..,..,..,..,..,..,..,..,..,..,..,..,49.95,50.32,58.06,74.47,110.73,142.36,173.97,177.07,251.25,245.99,243.64,297.24,369.38,363.27,374.39,314.33,259.87,278.01,272.60,270.01,341.54,..,..
Kenya,..,..,..,..,..,..,..,..,..,..,,..,..,..,..,..,..,..,..,..,..,..,..,..,..,..,..,..,..,..,..,..,..,..,..,..,..,..,..,..,..,21.40,22.14,22.33,25.71,27.75,31.14,41.08,50.39,55.42,55.29,58.93,57.19,64.72,67.89,73.19,71.31,74.27,66.80,75.66,86.07,83.40,..,..
Kiribati,..,..,..,..,..,..,..,..,..,..,,..,..,..,..,..,..,..,..,..,..,..,..,..,..,..,..,..,..,..,..,..,..,..,..,..,..,..,..,..,..,65.45,85.94,93.07,101.99,131.95,131.60,127.17,148.09,190.78,168.11,132.95,141.84,146.76,154.75,155.03,117.24,126.64,166.04,191.59,163.10,166.62,..,..
"Korea, Dem. People's Rep.",..,..,..,..,..,..,..,..,..,..,,..,..,..,..,..,..,..,..,..,..,..,..,..,..,..,..,..,..,..,..,..,..,..,..,..,..,..,..,..,..,..,..,..,..,..,..,..,..,..,..,..,..,..,..,..,..,..,..,..,..,..,..,..
"Korea, Rep.",..,..,..,..,..,..,..,..,..,..,,..,..,..,..,..,..,..,..,..,..,..,..,..,..,..,..,..,..,..,..,..,..,..,..,..,..,..,..,..,..,480.22,515.29,551.84,653.90,728.81,901.31,"1,083.07","1,243.67","1,170.37","1,123.07","1,386.41","1,531.49","1,579.11","1,709.36","1,901.01","1,912.59","2,020.91","2,239.32","2,518.73","2,595.22","2,642.41","3,031.18",..
Kosovo,..,..,..,..,..,..,..,..,..,..,,..,..,..,..,..,..,..,..,..,..,..,..,..,..,..,..,..,..,..,..,..,..,..,..,..,..,..,..,..,..,..,..,..,..,..,..,..,..,..,..,..,..,..,..,..,..,..,..,..,..,..,..,..
Kuwait,..,..,..,..,..,..,..,..,..,..,,..,..,..,..,..,..,..,..,..,..,..,..,..,..,..,..,..,..,..,..,..,..,..,..,..,..,..,..,..,..,429.56,558.32,581.98,628.85,650.58,727.70,782.64,881.10,"1,069.66","1,025.88","1,050.42","1,143.14","1,196.21","1,188.28","1,260.88","1,235.62","1,278.63","1,361.48","1,660.99","1,643.57","1,532.56",..,..
Kyrgyz Republic,..,..,..,..,..,..,..,..,..,..,,..,..,..,..,..,..,..,..,..,..,..,..,..,..,..,..,..,..,..,..,..,..,..,..,..,..,..,..,..,..,12.25,13.11,14.67,22.04,26.71,35.29,44.90,49.78,62.74,59.76,60.76,79.33,99.80,105.00,94.50,80.72,72.59,77.84,66.59,63.05,63.69,..,..
Lao PDR,..,..,..,..,..,..,..,..,..,..,,..,..,..,..,..,..,..,..,..,..,..,..,..,..,..,..,..,..,..,..,..,..,..,..,..,..,..,..,..,..,14.10,14.47,12.92,17.62,16.27,17.38,19.28,24.81,26.81,35.78,34.58,27.16,32.52,43.57,45.61,52.15,54.51,61.60,57.36,67.82,68.29,..,..
Latvia,..,..,..,..,..,..,..,..,..,..,,..,..,..,..,..,..,..,..,..,..,..,..,..,..,..,..,..,..,..,..,..,..,..,..,..,..,..,..,..,..,181.57,205.02,237.30,280.51,393.30,440.81,552.30,775.19,913.52,744.66,689.08,764.59,745.52,807.13,856.77,775.86,874.80,932.50,"1,101.49","1,183.12","1,313.35",..,..
Lebanon,..,..,..,..,..,..,..,..,..,..,,..,..,..,..,..,..,..,..,..,..,..,..,..,..,..,..,..,..,..,..,..,..,..,..,..,..,..,..,..,..,426.56,417.78,393.22,375.08,369.98,349.50,404.10,441.86,465.75,501.01,572.42,647.17,595.37,583.48,576.65,578.65,647.57,677.37,745.15,731.67,994.49,..,..
Lesotho,..,..,..,..,..,..,..,..,..,..,,..,..,..,..,..,..,..,..,..,..,..,..,..,..,..,..,..,..,..,..,..,..,..,..,..,..,..,..,..,..,23.77,28.24,23.89,31.89,40.89,41.15,48.88,65.32,68.39,80.08,95.66,122.88,114.65,112.77,109.92,100.83,86.00,108.04,122.03,120.55,107.10,..,..
Liberia,..,..,..,..,..,..,..,..,..,..,,..,..,..,..,..,..,..,..,..,..,..,..,..,..,..,..,..,..,..,..,..,..,..,..,..,..,..,..,..,..,12.81,10.65,8.95,8.46,26.29,28.08,27.28,40.01,39.95,42.61,43.91,52.79,54.16,57.04,62.93,71.17,68.21,68.92,65.75,52.09,56.71,..,..
Libya,..,..,..,..,..,..,..,..,..,..,,..,..,..,..,..,..,..,..,..,..,..,..,..,..,..,..,..,..,..,..,..,..,..,..,..,..,..,..,..,..,254.32,261.96,185.20,192.35,202.57,210.63,231.38,269.95,312.47,342.55,380.93,312.85,..,..,..,..,..,..,..,..,..,..,..
Liechtenstein,..,..,..,..,..,..,..,..,..,..,,..,..,..,..,..,..,..,..,..,..,..,..,..,..,..,..,..,..,..,..,..,..,..,..,..,..,..,..,..,..,..,..,..,..,..,..,..,..,..,..,..,..,..,..,..,..,..,..,..,..,..,..,..
Lithuania,..,..,..,..,..,..,..,..,..,..,,..,..,..,..,..,..,..,..,..,..,..,..,..,..,..,..,..,..,..,..,..,..,..,..,..,..,..,..,..,..,217.18,218.82,254.37,338.86,366.96,438.93,536.06,704.29,936.51,864.74,805.22,925.47,896.94,958.93,"1,021.23",920.20,988.53,"1,083.30","1,249.03","1,369.98","1,522.17","1,839.90",..
Luxembourg,..,..,..,..,..,..,..,..,..,..,,..,..,..,..,..,..,..,..,..,..,..,..,..,..,..,..,..,..,..,..,..,..,..,..,..,..,..,..,..,..,"2,901.20","3,109.20","3,600.87","4,607.40","5,610.35","5,818.15","6,070.74","6,671.27","7,578.75","7,670.59","7,459.84","7,174.74","6,029.48","6,356.64","6,547.03","5,421.93","5,475.14","5,713.12","6,227.08","6,221.74","6,757.00","7,314.37",..
"Macao SAR, China",..,..,..,..,..,..,..,..,..,..,,..,..,..,..,..,..,..,..,..,..,..,..,..,..,..,..,..,..,..,..,..,..,..,..,..,..,..,..,..,..,..,..,..,..,..,..,..,..,..,..,..,..,..,..,..,..,..,..,..,..,..,..,..
Madagascar,..,..,..,..,..,..,..,..,..,..,,..,..,..,..,..,..,..,..,..,..,..,..,..,..,..,..,..,..,..,..,..,..,..,..,..,..,..,..,..,..,12.76,15.48,15.46,17.07,14.58,16.22,16.78,19.23,21.47,20.11,21.37,22.94,19.27,19.69,22.90,22.66,24.42,24.39,21.89,19.35,17.95,..,..
Malawi,..,..,..,..,..,..,..,..,..,..,,..,..,..,..,..,..,..,..,..,..,..,..,..,..,..,..,..,..,..,..,..,..,..,..,..,..,..,..,..,..,7.42,6.15,11.20,12.41,16.06,17.35,21.08,25.17,32.94,35.81,34.24,39.60,32.81,39.88,35.65,35.28,34.33,37.93,36.98,30.02,32.98,..,..
Malaysia,..,..,..,..,..,..,..,..,..,..,,..,..,..,..,..,..,..,..,..,..,..,..,..,..,..,..,..,..,..,..,..,..,..,..,..,..,..,..,..,..,111.95,114.84,121.41,141.87,153.40,161.63,199.86,229.76,262.78,244.84,285.03,343.20,371.79,382.19,415.65,370.72,353.64,370.72,416.32,427.46,418.66,..,..
Maldives,..,..,..,..,..,..,..,..,..,..,,..,..,..,..,..,..,..,..,..,..,..,..,..,..,..,..,..,..,..,..,..,..,..,..,..,..,..,..,..,..,219.48,229.36,248.91,239.95,303.87,334.49,403.24,477.29,773.51,678.18,607.55,587.00,645.91,670.55,702.09,823.19,993.47,932.76,804.87,851.51,825.57,..,..
Mali,..,..,..,..,..,..,..,..,..,..,,..,..,..,..,..,..,..,..,..,..,..,..,..,..,..,..,..,..,..,..,..,..,..,..,..,..,..,..,..,..,14.40,13.53,16.34,19.29,22.32,24.62,27.66,30.43,34.10,35.57,32.20,32.53,28.27,30.87,36.68,29.75,28.31,29.23,31.96,32.61,35.45,..,..
Malta,..,..,..,..,..,..,..,..,..,..,,..,..,..,..,..,..,..,..,..,..,..,..,..,..,..,..,..,..,..,..,..,..,..,..,..,..,..,..,..,..,647.10,685.98,830.65,"1,074.09","1,223.86","1,379.69","1,474.48","1,596.12","1,751.17","1,677.36","1,733.67","1,960.06","1,898.60","2,121.08","2,456.43","2,243.47","2,321.15","2,551.72","2,753.51","2,943.63","3,135.41",..,..
Marshall Islands,..,..,..,..,..,..,..,..,..,..,,..,..,..,..,..,..,..,..,..,..,..,..,..,..,..,..,..,..,..,..,..,..,..,..,..,..,..,..,..,..,370.74,332.20,311.03,306.88,381.62,509.71,532.66,445.58,429.44,406.95,417.30,424.92,452.07,485.22,476.77,571.25,654.57,646.29,736.77,782.24,731.10,..,..
Mauritania,..,..,..,..,..,..,..,..,..,..,,..,..,..,..,..,..,..,..,..,..,..,..,..,..,..,..,..,..,..,..,..,..,..,..,..,..,..,..,..,..,22.31,22.58,25.21,28.69,30.64,33.18,34.38,39.64,48.52,44.13,43.39,47.48,49.02,55.35,59.37,57.41,48.90,54.20,59.15,60.21,59.05,..,..
Mauritius,..,..,..,..,..,..,..,..,..,..,,..,..,..,..,..,..,..,..,..,..,..,..,..,..,..,..,..,..,..,..,..,..,..,..,..,..,..,..,..,..,115.96,116.41,132.40,157.65,184.66,192.01,203.08,229.04,312.63,301.46,357.00,385.77,387.23,440.10,544.40,515.37,539.51,594.98,642.33,671.86,560.41,..,..
Mexico,..,..,..,..,..,..,..,..,..,..,,..,..,..,..,..,..,..,..,..,..,..,..,..,..,..,..,..,..,..,..,..,..,..,..,..,..,..,..,..,..,321.80,366.98,388.03,414.04,448.06,485.67,516.06,560.49,576.72,496.81,539.27,570.73,587.83,631.21,615.10,558.17,492.87,514.89,530.65,552.70,538.57,..,..
"Micronesia, Fed. Sts.",..,..,..,..,..,..,..,..,..,..,,..,..,..,..,..,..,..,..,..,..,..,..,..,..,..,..,..,..,..,..,..,..,..,..,..,..,..,..,..,..,161.96,181.97,170.65,209.74,259.03,399.61,246.38,259.47,290.12,325.84,361.80,377.49,370.93,353.23,343.01,359.79,396.63,405.33,422.45,420.58,424.84,..,..
Moldova,..,..,..,..,..,..,..,..,..,..,,..,..,..,..,..,..,..,..,..,..,..,..,..,..,..,..,..,..,..,..,..,..,..,..,..,..,..,..,..,..,21.38,25.40,33.92,38.44,64.61,79.33,100.11,135.44,185.56,208.53,198.29,214.98,223.62,231.66,230.77,186.44,171.18,243.95,276.47,284.31,306.65,..,..
Monaco,..,..,..,..,..,..,..,..,..,..,,..,..,..,..,..,..,..,..,..,..,..,..,..,..,..,..,..,..,..,..,..,..,..,..,..,..,..,..,..,..,"1,394.28","1,432.30","1,581.05","2,272.12","2,671.23","2,767.59","2,891.12","3,297.31","3,911.39","3,830.55","3,766.98","3,902.89","3,698.65","3,977.17","4,080.18","3,453.88","2,839.89","2,851.97","3,101.35","3,055.44","3,085.44",..,..
Mongolia,..,..,..,..,..,..,..,..,..,..,,..,..,..,..,..,..,..,..,..,..,..,..,..,..,..,..,..,..,..,..,..,..,..,..,..,..,..,..,..,..,26.42,25.92,29.05,26.01,32.63,37.03,49.60,66.24,97.29,76.66,99.48,136.05,169.84,180.84,177.32,165.85,157.36,146.24,158.25,182.87,199.82,..,..
Montenegro,..,..,..,..,..,..,..,..,..,..,,..,..,..,..,..,..,..,..,..,..,..,..,..,..,..,..,..,..,..,..,..,..,..,..,..,..,..,..,..,..,..,..,..,..,..,..,..,..,..,..,..,572.47,535.58,596.48,578.73,576.84,596.28,611.53,727.26,732.35,866.17,..,..
Morocco,..,..,..,..,..,..,..,..,..,..,,..,..,..,..,..,..,..,..,..,..,..,..,..,..,..,..,..,..,..,..,..,..,..,..,..,..,..,..,..,..,54.39,56.33,63.35,77.51,90.93,96.96,110.00,131.67,153.10,165.44,168.38,179.05,172.06,179.73,188.40,162.51,161.83,166.47,175.28,177.25,187.40,..,..
Mozambique,..,..,..,..,..,..,..,..,..,..,,..,..,..,..,..,..,..,..,..,..,..,..,..,..,..,..,..,..,..,..,..,..,..,..,..,..,..,..,..,..,7.07,8.61,10.06,11.15,14.23,18.49,18.10,19.30,24.36,27.63,26.18,30.28,35.03,41.18,43.08,39.91,31.38,36.26,40.81,40.41,34.28,..,..
Myanmar,..,..,..,..,..,..,..,..,..,..,,..,..,..,..,..,..,..,..,..,..,..,..,..,..,..,..,..,..,..,..,..,..,..,..,..,..,..,..,..,..,4.45,4.60,7.04,6.54,6.98,7.61,8.42,9.85,14.61,18.57,20.08,27.20,36.97,37.40,53.87,63.14,59.22,59.07,60.38,61.15,72.11,..,..
Namibia,..,..,..,..,..,..,..,..,..,..,,..,..,..,..,..,..,..,..,..,..,..,..,..,..,..,..,..,..,..,..,..,..,..,..,..,..,..,..,..,..,207.09,182.14,173.25,254.34,347.05,375.99,407.50,465.08,413.37,386.20,522.16,569.14,557.59,495.20,466.20,495.63,430.22,475.58,472.99,431.82,379.54,..,..
Nauru,..,..,..,..,..,..,..,..,..,..,,..,..,..,..,..,..,..,..,..,..,..,..,..,..,..,..,..,..,..,..,..,..,..,..,..,..,..,..,..,..,454.44,341.19,291.12,266.06,210.49,320.37,354.25,572.73,791.20,563.17,614.13,659.43,859.05,818.12,746.36,959.49,957.29,"1,092.88","1,175.69","1,158.77","1,143.74",..,..
Nepal,..,..,..,..,..,..,..,..,..,..,,..,..,..,..,..,..,..,..,..,..,..,..,..,..,..,..,..,..,..,..,..,..,..,..,..,..,..,..,..,..,8.34,10.26,10.46,11.07,12.93,14.16,13.70,17.19,18.94,20.98,29.82,34.40,33.90,35.41,42.30,46.86,47.28,49.33,50.40,52.83,58.31,..,..
Netherlands,..,..,..,..,..,..,..,..,..,..,,..,..,..,..,..,..,..,..,..,..,..,..,..,..,..,..,..,..,..,..,..,..,..,..,..,..,..,..,..,..,"2,028.18","2,175.73","2,544.81","3,244.36","3,689.46","3,823.48","4,080.22","4,696.14","5,382.45","5,282.74","5,191.69","5,562.12","5,284.65","5,532.73","5,601.89","4,676.56","4,753.67","4,934.58","5,330.66","5,340.61","5,846.15","6,531.01",..
New Caledonia,..,..,..,..,..,..,..,..,..,..,,..,..,..,..,..,..,..,..,..,..,..,..,..,..,..,..,..,..,..,..,..,..,..,..,..,..,..,..,..,..,..,..,..,..,..,..,..,..,..,..,..,..,..,..,..,..,..,..,..,..,..,..,..
New Zealand,..,..,..,..,..,..,..,..,..,..,,..,..,..,..,..,..,..,..,..,..,..,..,..,..,..,..,..,..,..,..,..,..,..,..,..,..,..,..,..,..,"1,054.91","1,054.33","1,250.93","1,611.79","1,983.19","2,296.61","2,305.15","2,706.80","2,851.12","2,713.81","3,233.78","3,656.73","3,856.17","4,014.97","4,192.74","3,600.96","3,739.40","3,903.68","3,957.86","4,081.59","4,201.63",..,..
Nicaragua,..,..,..,..,..,..,..,..,..,..,,..,..,..,..,..,..,..,..,..,..,..,..,..,..,..,..,..,..,..,..,..,..,..,..,..,..,..,..,..,..,52.25,56.52,56.95,60.82,65.15,72.14,77.76,92.09,107.07,110.53,115.32,122.53,130.78,137.10,152.64,161.28,167.37,177.15,168.45,161.99,161.20,..,..
Niger,..,..,..,..,..,..,..,..,..,..,,..,..,..,..,..,..,..,..,..,..,..,..,..,..,..,..,..,..,..,..,..,..,..,..,..,..,..,..,..,..,8.96,9.59,10.75,12.45,13.96,18.54,19.79,20.84,24.71,24.41,23.34,24.69,22.57,24.44,24.89,25.73,22.43,28.69,30.09,31.22,35.01,..,..
Nigeria,..,..,..,..,..,..,..,..,..,..,,..,..,..,..,..,..,..,..,..,..,..,..,..,..,..,..,..,..,..,..,..,..,..,..,..,..,..,..,..,..,17.65,18.49,18.06,39.08,44.16,53.93,65.72,69.15,80.10,68.01,75.59,83.11,91.06,100.82,106.12,96.28,78.24,72.77,65.70,69.68,69.76,..,..
North Macedonia,..,..,..,..,..,..,..,..,..,..,,..,..,..,..,..,..,..,..,..,..,..,..,..,..,..,..,..,..,..,..,..,..,..,..,..,..,..,..,..,..,164.22,151.38,173.70,215.36,231.87,231.04,243.55,263.06,311.30,293.72,301.87,326.08,307.04,345.85,339.38,302.75,322.92,344.92,387.47,421.39,452.97,..,..
Northern Mariana Islands,..,..,..,..,..,..,..,..,..,..,,..,..,..,..,..,..,..,..,..,..,..,..,..,..,..,..,..,..,..,..,..,..,..,..,..,..,..,..,..,..,..,..,..,..,..,..,..,..,..,..,..,..,..,..,..,..,..,..,..,..,..,..,..
Norway,..,..,..,..,..,..,..,..,..,..,,..,..,..,..,..,..,..,..,..,..,..,..,..,..,..,..,..,..,..,..,..,..,..,..,..,..,..,..,..,..,"2,948.93","3,099.00","3,889.96","4,632.57","5,097.34","5,584.69","5,892.99","6,895.56","7,768.05","7,301.96","7,859.52","8,900.37","8,970.12","9,241.27","9,118.32","7,565.55","7,496.77","7,815.79","8,271.86","8,007.36","7,704.44","9,020.63",..
Oman,..,..,..,..,..,..,..,..,..,..,,..,..,..,..,..,..,..,..,..,..,..,..,..,..,..,..,..,..,..,..,..,..,..,..,..,..,..,..,..,..,254.94,252.55,266.53,282.29,298.48,319.71,335.85,391.80,462.29,507.65,558.37,540.39,562.95,590.36,725.41,765.79,713.26,703.90,639.32,728.25,844.62,..,..
Pakistan,..,..,..,..,..,..,..,..,..,..,,..,..,..,..,..,..,..,..,..,..,..,..,..,..,..,..,..,..,..,..,..,..,..,..,..,..,..,..,..,..,15.41,13.40,14.96,14.34,15.54,19.67,24.66,26.51,24.81,23.66,24.21,25.67,26.29,29.00,33.05,35.01,37.60,43.41,41.41,37.22,38.18,..,..
Palau,..,..,..,..,..,..,..,..,..,..,,..,..,..,..,..,..,..,..,..,..,..,..,..,..,..,..,..,..,..,..,..,..,..,..,..,..,..,..,..,..,656.81,625.21,658.49,698.83,827.09,871.57,931.17,992.50,979.43,"1,007.31","1,145.86","1,144.65","1,368.31","1,518.25","1,661.98","1,792.89","2,021.10","1,944.74","1,789.53","2,402.78","2,640.10",..,..
Panama,..,..,..,..,..,..,..,..,..,..,,..,..,..,..,..,..,..,..,..,..,..,..,..,..,..,..,..,..,..,..,..,..,..,..,..,..,..,..,..,..,301.53,297.58,309.41,304.24,345.24,323.75,371.34,472.90,507.56,551.59,608.25,665.85,725.86,806.59,920.08,982.79,"1,057.41","1,127.69","1,228.07","1,318.04","1,214.55",..,..
Papua New Guinea,..,..,..,..,..,..,..,..,..,..,,..,..,..,..,..,..,..,..,..,..,..,..,..,..,..,..,..,..,..,..,..,..,..,..,..,..,..,..,..,..,18.94,18.29,20.66,22.10,25.88,27.65,30.22,33.39,34.91,36.78,39.61,52.85,70.76,77.28,89.70,45.51,54.37,55.63,59.29,60.31,63.93,..,..
Paraguay,..,..,..,..,..,..,..,..,..,..,,..,..,..,..,..,..,..,..,..,..,..,..,..,..,..,..,..,..,..,..,..,..,..,..,..,..,..,..,..,..,104.02,91.42,64.76,70.50,87.64,94.68,121.80,160.37,219.67,216.59,257.06,336.12,367.15,390.29,439.34,392.22,384.45,405.53,421.09,415.89,405.63,..,..
Peru,..,..,..,..,..,..,..,..,..,..,,..,..,..,..,..,..,..,..,..,..,..,..,..,..,..,..,..,..,..,..,..,..,..,..,..,..,..,..,..,..,83.46,89.20,97.50,97.20,105.01,123.05,135.87,158.17,190.85,208.39,240.26,262.97,307.32,320.32,331.78,310.27,311.44,333.12,363.42,366.56,388.55,..,..
Philippines,..,..,..,..,..,..,..,..,..,..,,..,..,..,..,..,..,..,..,..,..,..,..,..,..,..,..,..,..,..,..,..,..,..,..,..,..,..,..,..,..,32.79,28.23,27.36,32.29,34.21,46.61,54.86,65.37,76.89,78.85,90.96,97.86,111.60,121.71,108.72,115.95,120.15,121.88,126.31,142.24,164.74,193.79,..
Poland,..,..,..,..,..,..,..,..,..,..,,..,..,..,..,..,..,..,..,..,..,..,..,..,..,..,..,..,..,..,..,..,..,..,..,..,..,..,..,..,..,238.00,282.82,315.83,339.34,392.00,465.70,524.10,660.92,892.60,759.61,809.20,866.09,815.14,878.09,911.30,803.96,813.47,909.58,978.74,"1,014.04","1,025.98","1,183.05",..
Portugal,..,..,..,..,..,..,..,..,..,..,,..,..,..,..,..,..,..,..,..,..,..,..,..,..,..,..,..,..,..,..,..,..,..,..,..,..,..,..,..,..,995.34,"1,015.55","1,139.40","1,443.38","1,723.74","1,814.35","1,857.65","2,112.53","2,391.98","2,346.54","2,259.30","2,255.97","1,980.02","2,030.63","2,059.93","1,790.53","1,875.24","1,998.06","2,216.31","2,221.73","2,341.64","2,720.29",..
Puerto Rico,..,..,..,..,..,..,..,..,..,..,,..,..,..,..,..,..,..,..,..,..,..,..,..,..,..,..,..,..,..,..,..,..,..,..,..,..,..,..,..,..,..,..,..,..,..,..,..,..,..,..,..,..,..,..,..,..,..,..,..,..,..,..,..
Qatar,..,..,..,..,..,..,..,..,..,..,,..,..,..,..,..,..,..,..,..,..,..,..,..,..,..,..,..,..,..,..,..,..,..,..,..,..,..,..,..,..,552.27,597.94,667.00,"1,109.73","1,254.14","1,347.96","1,321.56","1,276.88","1,277.08","1,305.49","1,306.53","1,487.85","1,713.98","2,027.01","2,256.39","2,470.49","2,153.26","2,041.03","2,155.83","2,207.65","2,188.38",..,..
Romania,..,..,..,..,..,..,..,..,..,..,,..,..,..,..,..,..,..,..,..,..,..,..,..,..,..,..,..,..,..,..,..,..,..,..,..,..,..,..,..,..,69.89,78.82,96.58,143.55,190.80,254.53,291.00,415.07,521.32,449.38,472.21,426.60,401.67,495.24,503.35,442.24,476.25,555.11,687.15,738.56,809.59,..,..
Russian Federation,..,..,..,..,..,..,..,..,..,..,,..,..,..,..,..,..,..,..,..,..,..,..,..,..,..,..,..,..,..,..,..,..,..,..,..,..,..,..,..,..,95.13,117.78,140.39,164.27,208.80,271.64,352.71,461.98,609.85,516.44,567.03,684.27,758.97,809.14,739.59,499.15,465.43,579.98,609.35,654.00,773.88,..,..
Rwanda,..,..,..,..,..,..,..,..,..,..,,..,..,..,..,..,..,..,..,..,..,..,..,..,..,..,..,..,..,..,..,..,..,..,..,..,..,..,..,..,..,9.12,7.93,7.35,17.30,20.29,25.10,27.24,33.58,40.05,44.08,48.03,51.65,57.22,47.71,50.62,48.81,50.70,48.34,51.54,51.08,57.50,..,..
Samoa,..,..,..,..,..,..,..,..,..,..,,..,..,..,..,..,..,..,..,..,..,..,..,..,..,..,..,..,..,..,..,..,..,..,..,..,..,..,..,..,..,59.76,55.65,72.03,81.21,103.56,120.36,132.43,146.72,155.76,170.97,183.87,210.12,195.40,245.21,246.59,212.15,202.21,217.39,197.90,239.13,202.43,..,..
San Marino,..,..,..,..,..,..,..,..,..,..,,..,..,..,..,..,..,..,..,..,..,..,..,..,..,..,..,..,..,..,..,..,..,..,..,..,..,..,..,..,..,"2,192.80","2,206.64","2,235.53","2,462.52","2,895.47","2,986.33","3,160.59","3,707.01","4,274.02","4,148.65","3,729.69","4,604.53","4,446.28","4,249.55","4,253.21","3,639.97","3,745.96","3,805.05","4,115.07","3,951.05","3,937.66",..,..
Sao Tome and Principe,..,..,..,..,..,..,..,..,..,..,,..,..,..,..,..,..,..,..,..,..,..,..,..,..,..,..,..,..,..,..,..,..,..,..,..,..,..,..,..,..,56.10,53.02,56.84,78.40,78.67,89.12,66.60,69.56,76.85,75.86,74.21,84.69,86.12,124.10,118.93,84.51,109.23,116.48,114.85,104.95,106.92,..,..
Saudi Arabia,..,..,..,..,..,..,..,..,..,..,,..,..,..,..,..,..,..,..,..,..,..,..,..,..,..,..,..,..,..,..,..,..,..,..,..,..,..,..,..,..,370.42,371.99,356.14,370.92,391.91,459.89,536.69,560.91,562.85,646.34,655.12,826.34,959.83,"1,059.09","1,230.85","1,198.34","1,240.60","1,261.17","1,291.13",..,..,..,..
Senegal,..,..,..,..,..,..,..,..,..,..,,..,..,..,..,..,..,..,..,..,..,..,..,..,..,..,..,..,..,..,..,..,..,..,..,..,..,..,..,..,..,22.00,24.11,27.20,36.11,43.03,36.86,39.09,41.33,49.78,50.86,51.82,58.30,56.95,61.03,62.21,54.20,54.94,57.67,65.78,65.75,76.78,..,..
Serbia,..,..,..,..,..,..,..,..,..,..,,..,..,..,..,..,..,..,..,..,..,..,..,..,..,..,..,..,..,..,..,..,..,..,..,..,..,..,..,..,..,56.50,112.22,173.26,230.09,274.46,307.55,371.51,547.23,671.89,575.26,545.33,618.89,559.91,627.53,608.86,491.25,486.43,515.85,617.09,641.03,672.33,..,..
Seychelles,..,..,..,..,..,..,..,..,..,..,,..,..,..,..,..,..,..,..,..,..,..,..,..,..,..,..,..,..,..,..,..,..,..,..,..,..,..,..,..,..,354.08,413.23,385.84,452.41,514.90,532.79,546.07,478.69,429.68,361.70,506.87,521.06,637.23,619.22,649.40,637.05,735.57,736.65,791.53,786.65,726.91,..,..
Sierra Leone,..,..,..,..,..,..,..,..,..,..,,..,..,..,..,..,..,..,..,..,..,..,..,..,..,..,..,..,..,..,..,..,..,..,..,..,..,..,..,..,..,23.31,24.64,27.85,28.05,28.70,32.06,33.73,36.47,40.62,43.51,43.83,59.10,59.31,81.72,138.55,118.55,85.18,45.54,43.08,44.82,43.21,..,..
Singapore,..,..,..,..,..,..,..,..,..,..,,..,..,..,..,..,..,..,..,..,..,..,..,..,..,..,..,..,..,..,..,..,..,..,..,..,..,..,..,..,..,792.43,689.15,744.08,833.35,848.58,892.43,972.20,"1,100.99","1,278.49","1,316.83","1,487.38","1,670.38","1,824.98","2,069.37","2,188.34","2,279.02","2,450.90","2,599.30","2,641.51","2,826.01","3,537.00",..,..
Sint Maarten (Dutch part),..,..,..,..,..,..,..,..,..,..,,..,..,..,..,..,..,..,..,..,..,..,..,..,..,..,..,..,..,..,..,..,..,..,..,..,..,..,..,..,..,..,..,..,..,..,..,..,..,..,..,..,..,..,..,..,..,..,..,..,..,..,..,..
Slovak Republic,..,..,..,..,..,..,..,..,..,..,,..,..,..,..,..,..,..,..,..,..,..,..,..,..,..,..,..,..,..,..,..,..,..,..,..,..,..,..,..,..,203.51,212.22,254.13,344.47,511.53,601.31,729.01,"1,029.30","1,251.68","1,320.09","1,296.54","1,352.44","1,319.44","1,370.47","1,289.35","1,108.88","1,175.60","1,189.07","1,299.91","1,342.07","1,393.62",..,..
Slovenia,..,..,..,..,..,..,..,..,..,..,,..,..,..,..,..,..,..,..,..,..,..,..,..,..,..,..,..,..,..,..,..,..,..,..,..,..,..,..,..,..,796.65,826.23,944.87,"1,203.06","1,368.65","1,449.19","1,541.66","1,795.95","2,179.45","2,125.06","2,017.15","2,147.81","1,974.85","2,055.38","2,062.38","1,775.86","1,835.41","1,925.03","2,169.58","2,219.10","2,417.21","2,670.84",..
Solomon Islands,..,..,..,..,..,..,..,..,..,..,,..,..,..,..,..,..,..,..,..,..,..,..,..,..,..,..,..,..,..,..,..,..,..,..,..,..,..,..,..,..,47.13,61.41,77.66,54.08,65.09,89.12,87.40,88.29,74.60,92.10,73.04,95.25,101.77,101.11,109.28,94.91,96.69,94.77,92.48,103.80,99.13,..,..
Somalia,..,..,..,..,..,..,..,..,..,..,,..,..,..,..,..,..,..,..,..,..,..,..,..,..,..,..,..,..,..,..,..,..,..,..,..,..,..,..,..,..,..,..,..,..,..,..,..,..,..,..,..,..,..,..,..,..,..,..,..,..,..,..,..
South Africa,..,..,..,..,..,..,..,..,..,..,,..,..,..,..,..,..,..,..,..,..,..,..,..,..,..,..,..,..,..,..,..,..,..,..,..,..,..,..,..,..,237.83,204.26,180.86,288.38,365.53,404.40,422.19,460.02,446.90,492.94,628.13,694.10,654.25,602.68,547.83,499.36,463.34,536.78,569.27,550.48,489.64,..,..
South Sudan,..,..,..,..,..,..,..,..,..,..,,..,..,..,..,..,..,..,..,..,..,..,..,..,..,..,..,..,..,..,..,..,..,..,..,..,..,..,..,..,..,..,..,..,..,..,..,..,..,..,..,..,..,..,..,..,..,..,27.01,28.19,23.72,33.23,..,..
Spain,..,..,..,..,..,..,..,..,..,..,,..,..,..,..,..,..,..,..,..,..,..,..,..,..,..,..,..,..,..,..,..,..,..,..,..,..,..,..,..,..,"1,005.28","1,045.05","1,174.58","1,640.92","1,924.27","2,060.32","2,242.16","2,606.28","2,995.19","2,937.72","2,789.64","2,908.92","2,590.23","2,629.48","2,679.52","2,349.12","2,376.62","2,524.70","2,741.40","2,712.51","2,900.65",..,..
Sri Lanka,..,..,..,..,..,..,..,..,..,..,,..,..,..,..,..,..,..,..,..,..,..,..,..,..,..,..,..,..,..,..,..,..,..,..,..,..,..,..,..,..,43.72,41.31,42.74,42.20,50.65,56.93,64.82,72.86,91.53,98.56,106.14,116.34,110.83,134.59,134.75,146.95,148.62,146.17,159.46,142.05,151.06,..,..
St. Kitts and Nevis,..,..,..,..,..,..,..,..,..,..,,..,..,..,..,..,..,..,..,..,..,..,..,..,..,..,..,..,..,..,..,..,..,..,..,..,..,..,..,..,..,444.57,438.06,462.63,480.23,488.83,553.53,684.95,703.31,875.11,865.85,856.67,907.03,867.38,924.61,947.63,"1,026.51","1,144.54","1,167.66","1,103.17","1,204.34","1,104.94",..,..
St. Lucia,..,..,..,..,..,..,..,..,..,..,,..,..,..,..,..,..,..,..,..,..,..,..,..,..,..,..,..,..,..,..,..,..,..,..,..,..,..,..,..,..,284.26,284.42,299.51,317.14,309.42,333.50,390.34,440.22,430.82,432.55,438.17,470.90,463.82,492.24,477.48,471.62,519.43,525.57,513.00,514.16,607.75,..,..
St. Martin (French part),..,..,..,..,..,..,..,..,..,..,,..,..,..,..,..,..,..,..,..,..,..,..,..,..,..,..,..,..,..,..,..,..,..,..,..,..,..,..,..,..,..,..,..,..,..,..,..,..,..,..,..,..,..,..,..,..,..,..,..,..,..,..,..
St. Vincent and the Grenadines,..,..,..,..,..,..,..,..,..,..,,..,..,..,..,..,..,..,..,..,..,..,..,..,..,..,..,..,..,..,..,..,..,..,..,..,..,..,..,..,..,149.57,162.73,175.32,178.19,188.82,198.35,210.94,245.89,257.80,266.23,283.60,277.80,300.58,301.93,301.08,303.94,317.80,337.16,347.65,375.03,401.61,..,..
Sudan,..,..,..,..,..,..,..,..,..,..,,..,..,..,..,..,..,..,..,..,..,..,..,..,..,..,..,..,..,..,..,..,..,..,..,..,..,..,..,..,..,15.23,16.58,18.30,24.74,32.12,40.81,61.06,90.58,92.22,89.61,82.82,114.25,79.42,101.87,92.44,122.03,89.86,71.03,35.54,35.98,23.39,..,..
Suriname,..,..,..,..,..,..,..,..,..,..,,..,..,..,..,..,..,..,..,..,..,..,..,..,..,..,..,..,..,..,..,..,..,..,..,..,..,..,..,..,..,166.08,91.58,158.49,167.76,213.90,243.13,315.47,310.97,336.32,382.56,402.41,378.15,409.35,438.41,445.36,517.38,341.92,325.38,450.16,592.98,459.56,..,..
Sweden,..,..,..,..,..,..,..,..,..,..,,..,..,..,..,..,..,..,..,..,..,..,..,..,..,..,..,..,..,..,..,..,..,..,..,..,..,..,..,..,..,"2,173.19","2,155.85","2,459.10","3,110.20","3,488.17","3,547.63","3,765.40","4,310.33","4,627.56","4,136.17","4,416.15","6,351.22","6,254.44","6,696.87","6,605.91","5,598.68","5,680.73","5,837.77","6,005.07","5,652.99","6,027.97","6,914.91",..
Switzerland,..,..,..,..,..,..,..,..,..,..,,..,..,..,..,..,..,..,..,..,..,..,..,..,..,..,..,..,..,..,..,..,..,..,..,..,..,..,..,..,..,"3,559.82","3,763.38","4,211.73","5,018.53","5,608.70","5,673.94","5,671.98","6,154.70","7,120.65","7,297.38","7,705.18","9,191.96","8,917.12","9,275.80","9,578.65","9,382.79","9,439.42","9,606.35","9,870.57","9,666.98","10,309.76",..,..
Syrian Arab Republic,..,..,..,..,..,..,..,..,..,..,,..,..,..,..,..,..,..,..,..,..,..,..,..,..,..,..,..,..,..,..,..,..,..,..,..,..,..,..,..,..,54.56,58.61,63.64,60.61,60.80,62.80,64.37,72.41,83.16,87.92,88.69,74.86,63.14,..,..,..,..,..,..,..,..,..,..
Tajikistan,..,..,..,..,..,..,..,..,..,..,,..,..,..,..,..,..,..,..,..,..,..,..,..,..,..,..,..,..,..,..,..,..,..,..,..,..,..,..,..,..,5.92,7.56,8.21,10.95,14.63,17.37,20.05,28.61,41.43,39.03,42.45,49.09,57.38,68.29,73.94,63.64,55.80,57.87,59.66,61.77,69.69,..,..
Tanzania,..,..,..,..,..,..,..,..,..,..,,..,..,..,..,..,..,..,..,..,..,..,..,..,..,..,..,..,..,..,..,..,..,..,..,..,..,..,..,..,..,12.26,15.08,16.93,20.26,23.29,27.53,35.36,35.99,36.01,33.39,36.90,37.43,41.64,43.09,39.48,32.91,36.26,38.66,40.83,39.56,39.31,..,..
Thailand,..,..,..,..,..,..,..,..,..,..,,..,..,..,..,..,..,..,..,..,..,..,..,..,..,..,..,..,..,..,..,..,..,..,..,..,..,..,..,..,..,62.15,57.20,69.74,76.24,83.10,90.88,103.65,125.63,149.71,150.36,169.38,192.57,202.52,208.61,214.52,219.92,230.61,247.99,275.67,294.46,305.09,..,..
Timor-Leste,..,..,..,..,..,..,..,..,..,..,,..,..,..,..,..,..,..,..,..,..,..,..,..,..,..,..,..,..,..,..,..,..,..,..,..,..,..,..,..,..,..,..,..,15.03,19.86,25.17,27.40,30.09,43.27,49.87,52.43,64.28,71.32,102.55,92.88,101.42,92.98,86.75,78.95,79.26,120.87,..,..
Togo,..,..,..,..,..,..,..,..,..,..,,..,..,..,..,..,..,..,..,..,..,..,..,..,..,..,..,..,..,..,..,..,..,..,..,..,..,..,..,..,..,11.23,11.21,12.65,15.47,16.90,17.79,18.61,22.97,27.68,29.04,31.36,35.26,36.27,40.56,43.02,37.41,51.94,52.20,53.07,49.42,53.50,..,..
Tonga,..,..,..,..,..,..,..,..,..,..,,..,..,..,..,..,..,..,..,..,..,..,..,..,..,..,..,..,..,..,..,..,..,..,..,..,..,..,..,..,..,53.43,55.32,62.70,68.09,102.74,108.33,149.32,134.67,191.02,117.48,166.61,155.89,207.01,163.81,202.64,169.95,191.94,212.57,219.29,229.94,248.04,..,..
Trinidad and Tobago,..,..,..,..,..,..,..,..,..,..,,..,..,..,..,..,..,..,..,..,..,..,..,..,..,..,..,..,..,..,..,..,..,..,..,..,..,..,..,..,..,263.68,270.08,321.01,354.66,426.37,523.75,561.20,657.96,740.37,764.35,811.33,857.57,878.46,951.98,990.25,"1,039.06","1,041.02","1,058.94","1,055.90","1,071.90","1,030.71",..,..
Tunisia,..,..,..,..,..,..,..,..,..,..,,..,..,..,..,..,..,..,..,..,..,..,..,..,..,..,..,..,..,..,..,..,..,..,..,..,..,..,..,..,..,109.57,112.57,123.13,147.15,165.23,167.67,176.49,199.67,227.53,228.49,237.90,267.08,266.31,280.64,283.72,247.34,237.58,220.84,212.38,189.75,221.68,..,..
Turkiye,..,..,..,..,..,..,..,..,..,..,,..,..,..,..,..,..,..,..,..,..,..,..,..,..,..,..,..,..,..,..,..,..,..,..,..,..,..,..,..,..,196.78,151.55,184.31,235.91,296.14,360.65,411.87,506.39,563.64,493.93,532.93,526.18,519.89,546.72,519.90,446.76,459.93,437.37,387.66,397.41,395.24,..,..
Turkmenistan,..,..,..,..,..,..,..,..,..,..,,..,..,..,..,..,..,..,..,..,..,..,..,..,..,..,..,..,..,..,..,..,..,..,..,..,..,..,..,..,..,75.75,121.90,130.01,204.34,311.55,335.88,363.31,273.25,247.25,187.77,214.19,267.01,307.66,363.11,422.53,390.99,408.20,461.37,457.07,488.62,483.74,..,..
Turks and Caicos Islands,..,..,..,..,..,..,..,..,..,..,,..,..,..,..,..,..,..,..,..,..,..,..,..,..,..,..,..,..,..,..,..,..,..,..,..,..,..,..,..,..,..,..,..,..,..,..,..,..,..,..,..,..,..,..,..,..,..,..,..,..,..,..,..
Tuvalu,..,..,..,..,..,..,..,..,..,..,,..,..,..,..,..,..,..,..,..,..,..,..,..,..,..,..,..,..,..,..,..,..,..,..,..,..,..,..,..,..,349.95,268.20,217.83,289.57,230.17,244.13,294.80,294.89,314.00,330.92,476.29,516.60,492.84,507.16,522.54,457.81,520.00,660.23,801.17,"1,033.87","1,071.31",..,..
Uganda,..,..,..,..,..,..,..,..,..,..,,..,..,..,..,..,..,..,..,..,..,..,..,..,..,..,..,..,..,..,..,..,..,..,..,..,..,..,..,..,..,16.41,15.99,15.74,14.23,18.61,25.88,31.63,36.13,40.08,44.42,51.96,55.31,55.14,53.00,51.04,40.16,39.13,31.48,32.99,33.40,33.90,..,..
Ukraine,..,..,..,..,..,..,..,..,..,..,,..,..,..,..,..,..,..,..,..,..,..,..,..,..,..,..,..,..,..,..,..,..,..,..,..,..,..,..,..,..,35.10,44.77,52.88,68.88,84.50,116.28,148.42,186.13,216.24,168.68,202.82,244.34,275.51,280.85,212.60,157.36,157.12,186.67,221.47,246.91,269.73,..,..
United Arab Emirates,..,..,..,..,..,..,..,..,..,..,,..,..,..,..,..,..,..,..,..,..,..,..,..,..,..,..,..,..,..,..,..,..,..,..,..,..,..,..,..,..,753.08,743.05,821.35,862.90,911.39,978.90,"1,054.33","1,126.81","1,321.94","1,284.76","1,325.20","1,500.80","1,480.73","1,601.55","1,656.27","1,439.30","1,375.91","1,726.24","1,914.93","1,947.13","2,191.81",..,..
United Kingdom,..,..,..,..,..,..,..,..,..,..,,..,..,..,..,..,..,..,..,..,..,..,..,..,..,..,..,..,..,..,..,..,..,..,..,..,..,..,..,..,..,"2,033.17","2,059.79","2,319.35","2,791.49","3,372.89","3,547.07","3,866.88","4,375.73","4,306.85","3,923.02","3,965.86","4,208.65","4,253.50","4,317.12","4,714.30","4,447.00","4,037.81","3,930.34","4,227.65","4,265.20","4,926.63","5,634.18",..
United States,..,..,..,..,..,..,..,..,..,..,,..,..,..,..,..,..,..,..,..,..,..,..,..,..,..,..,..,..,..,..,..,..,..,..,..,..,..,..,..,..,"4,532.77","4,879.93","5,303.15","5,706.83","6,045.94","6,402.03","6,776.87","7,130.72","7,346.35","7,601.87","7,832.27","8,020.44","8,272.96","8,431.18","8,824.78","9,243.62","9,594.74","9,904.24","10,284.55","10,661.03","11,702.41",..,..
Uruguay,..,..,..,..,..,..,..,..,..,..,,..,..,..,..,..,..,..,..,..,..,..,..,..,..,..,..,..,..,..,..,..,..,..,..,..,..,..,..,..,..,693.68,673.93,432.80,380.19,372.46,441.00,495.72,572.52,803.44,817.64,"1,032.66","1,232.05","1,332.75","1,500.73","1,480.02","1,410.32","1,454.55","1,655.83","1,697.01","1,677.10","1,429.51",..,..
Uzbekistan,..,..,..,..,..,..,..,..,..,..,,..,..,..,..,..,..,..,..,..,..,..,..,..,..,..,..,..,..,..,..,..,..,..,..,..,..,..,..,..,..,35.41,30.27,24.34,25.43,27.80,32.25,37.65,46.50,60.78,71.37,92.13,108.98,126.90,139.59,117.57,131.75,129.12,93.05,82.34,98.59,120.50,..,..
Vanuatu,..,..,..,..,..,..,..,..,..,..,,..,..,..,..,..,..,..,..,..,..,..,..,..,..,..,..,..,..,..,..,..,..,..,..,..,..,..,..,..,..,46.83,44.34,50.72,53.21,60.83,59.98,65.47,70.28,79.24,80.40,96.37,110.28,114.38,126.39,104.34,114.26,80.82,83.78,102.08,101.97,114.23,..,..
"Venezuela, RB",..,..,..,..,..,..,..,..,..,..,,..,..,..,..,..,..,..,..,..,..,..,..,..,..,..,..,..,..,..,..,..,..,..,..,..,..,..,..,..,..,351.71,387.65,283.02,243.21,290.82,330.35,548.27,651.42,724.06,877.48,936.85,780.72,834.31,696.19,695.52,490.22,367.73,366.64,165.35,113.26,142.46,..,..
Vietnam,..,..,..,..,..,..,..,..,..,..,,..,..,..,..,..,..,..,..,..,..,..,..,..,..,..,..,..,..,..,..,..,..,..,..,..,..,..,..,..,..,19.13,23.46,19.87,22.60,29.01,35.33,42.63,49.89,59.62,64.89,79.14,90.11,109.55,120.16,118.03,118.48,124.74,141.01,164.24,173.65,166.23,..,..
Virgin Islands (U.S.),..,..,..,..,..,..,..,..,..,..,,..,..,..,..,..,..,..,..,..,..,..,..,..,..,..,..,..,..,..,..,..,..,..,..,..,..,..,..,..,..,..,..,..,..,..,..,..,..,..,..,..,..,..,..,..,..,..,..,..,..,..,..,..
West Bank and Gaza,..,..,..,..,..,..,..,..,..,..,,..,..,..,..,..,..,..,..,..,..,..,..,..,..,..,..,..,..,..,..,..,..,..,..,..,..,..,..,..,..,..,..,..,..,..,..,..,..,..,..,..,..,..,..,..,..,..,..,..,..,..,..,..
"Yemen, Rep.",..,..,..,..,..,..,..,..,..,..,,..,..,..,..,..,..,..,..,..,..,..,..,..,..,..,..,..,..,..,..,..,..,..,..,..,..,..,..,..,..,24.14,25.46,26.28,33.59,36.90,40.91,48.03,55.68,66.47,62.60,64.44,61.27,70.13,74.30,75.42,63.30,..,..,..,..,..,..,..
Zambia,..,..,..,..,..,..,..,..,..,..,,..,..,..,..,..,..,..,..,..,..,..,..,..,..,..,..,..,..,..,..,..,..,..,..,..,..,..,..,..,..,26.04,26.32,27.11,32.52,39.20,49.43,62.61,49.34,55.92,50.96,54.65,56.90,67.98,86.34,66.05,57.99,55.98,65.82,74.60,67.46,53.75,..,..
Zimbabwe,..,..,..,..,..,..,..,..,..,..,,..,..,..,..,..,..,..,..,..,..,..,..,..,..,..,..,..,..,..,..,..,..,..,..,..,..,..,..,..,..,..,..,..,..,..,..,..,..,..,..,98.25,87.49,89.26,100.14,114.44,105.10,106.19,92.25,114.63,54.81,50.68,..,..
"Created from: World Development Indicators
Series : Current health expenditure per capita (current US$)



",,,,,,,,,,,,,,,,,,,,,,,,,,,,,,,,,,,,,,,,,,,,,,,,,,,,,,,,,,,,,,,,
